title,company,location,date,url
Senior Python Developer,N/A,"Stewartbury, AA",2021-04-08,https://www.realpython.com
Energy engineer,N/A,"Christopherville, AA",2021-04-08,https://www.realpython.com
Legal executive,N/A,"Port Ericaburgh, AA",2021-04-08,https://www.realpython.com
Fitness centre manager,N/A,"East Seanview, AP",2021-04-08,https://www.realpython.com
Product manager,N/A,"North Jamieview, AP",2021-04-08,https://www.realpython.com
Medical technical officer,N/A,"Davidville, AP",2021-04-08,https://www.realpython.com
Physiological scientist,N/A,"South Christopher, AE",2021-04-08,https://www.realpython.com
Textile designer,N/A,"Port Jonathan, AE",2021-04-08,https://www.realpython.com
Television floor manager,N/A,"Osbornetown, AE",2021-04-08,https://www.realpython.com
Waste management officer,N/A,"Scotttown, AP",2021-04-08,https://www.realpython.com
Software Engineer (Python),N/A,"Ericberg, AE",2021-04-08,https://www.realpython.com
Interpreter,N/A,"Ramireztown, AE",2021-04-08,https://www.realpython.com
Architect,N/A,"Figueroaview, AA",2021-04-08,https://www.realpython.com
Meteorologist,N/A,"Kelseystad, AA",2021-04-08,https://www.realpython.com
Audiological scientist,N/A,"Williamsburgh, AE",2021-04-08,https://www.realpython.com
English as a second language teacher,N/A,"Mitchellburgh, AE",2021-04-08,https://www.realpython.com
Surgeon,N/A,"West Jessicabury, AA",2021-04-08,https://www.realpython.com
Equities trader,N/A,"Maloneshire, AE",2021-04-08,https://www.realpython.com
Newspaper journalist,N/A,"Johnsonton, AA",2021-04-08,https://www.realpython.com
Materials engineer,N/A,"South Davidtown, AP",2021-04-08,https://www.realpython.com
Python Programmer (Entry-Level),N/A,"Port Sara, AE",2021-04-08,https://www.realpython.com
Product/process development scientist,N/A,"Marktown, AA",2021-04-08,https://www.realpython.com
"Scientist, research (maths)",N/A,"Laurenland, AE",2021-04-08,https://www.realpython.com
Ecologist,N/A,"Lauraton, AP",2021-04-08,https://www.realpython.com
Materials engineer,N/A,"South Tammyberg, AP",2021-04-08,https://www.realpython.com
Historic buildings inspector/conservation officer,N/A,"North Brandonville, AP",2021-04-08,https://www.realpython.com
Data scientist,N/A,"Port Robertfurt, AA",2021-04-08,https://www.realpython.com
Psychiatrist,N/A,"Burnettbury, AE",2021-04-08,https://www.realpython.com
Structural engineer,N/A,"Herbertside, AA",2021-04-08,https://www.realpython.com
Immigration officer,N/A,"Christopherport, AP",2021-04-08,https://www.realpython.com
Python Programmer (Entry-Level),N/A,"West Victor, AE",2021-04-08,https://www.realpython.com
Neurosurgeon,N/A,"Port Aaron, AP",2021-04-08,https://www.realpython.com
Broadcast engineer,N/A,"Loribury, AA",2021-04-08,https://www.realpython.com
Make,N/A,"Angelastad, AP",2021-04-08,https://www.realpython.com
"Nurse, adult",N/A,"Larrytown, AE",2021-04-08,https://www.realpython.com
Air broker,N/A,"West Colin, AP",2021-04-08,https://www.realpython.com
"Editor, film/video",N/A,"West Stephanie, AP",2021-04-08,https://www.realpython.com
"Production assistant, radio",N/A,"Laurentown, AP",2021-04-08,https://www.realpython.com
"Engineer, communications",N/A,"Wrightberg, AP",2021-04-08,https://www.realpython.com
Sales executive,N/A,"Alberttown, AE",2021-04-08,https://www.realpython.com
Software Developer (Python),N/A,"Brockburgh, AE",2021-04-08,https://www.realpython.com
Futures trader,N/A,"North Jason, AE",2021-04-08,https://www.realpython.com
Tour manager,N/A,"Arnoldhaven, AE",2021-04-08,https://www.realpython.com
Cytogeneticist,N/A,"Lake Destiny, AP",2021-04-08,https://www.realpython.com
"Designer, multimedia",N/A,"South Timothyburgh, AP",2021-04-08,https://www.realpython.com
Trade union research officer,N/A,"New Jimmyton, AE",2021-04-08,https://www.realpython.com
"Chemist, analytical",N/A,"New Lucasbury, AP",2021-04-08,https://www.realpython.com
"Programmer, multimedia",N/A,"Port Cory, AE",2021-04-08,https://www.realpython.com
"Engineer, broadcasting (operations)",N/A,"Gileston, AA",2021-04-08,https://www.realpython.com
"Teacher, primary school",N/A,"Cindyshire, AA",2021-04-08,https://www.realpython.com
Python Developer,N/A,"East Michaelfort, AA",2021-04-08,https://www.realpython.com
Manufacturing systems engineer,N/A,"Joybury, AE",2021-04-08,https://www.realpython.com
"Producer, television/film/video",N/A,"Emmatown, AE",2021-04-08,https://www.realpython.com
"Scientist, forensic",N/A,"Colehaven, AP",2021-04-08,https://www.realpython.com
Bonds trader,N/A,"Port Coryton, AE",2021-04-08,https://www.realpython.com
Editorial assistant,N/A,"Amyborough, AA",2021-04-08,https://www.realpython.com
Photographer,N/A,"Reynoldsville, AA",2021-04-08,https://www.realpython.com
Retail banker,N/A,"Port Billy, AP",2021-04-08,https://www.realpython.com
Jewellery designer,N/A,"Adamburgh, AA",2021-04-08,https://www.realpython.com
Ophthalmologist,N/A,"Wilsonmouth, AA",2021-04-08,https://www.realpython.com
"Back-End Web Developer (Python, Django)",N/A,"South Kimberly, AA",2021-04-08,https://www.realpython.com
Licensed conveyancer,N/A,"Benjaminland, AP",2021-04-08,https://www.realpython.com
Futures trader,N/A,"Zacharyport, AA",2021-04-08,https://www.realpython.com
Counselling psychologist,N/A,"Port Devonville, AE",2021-04-08,https://www.realpython.com
Insurance underwriter,N/A,"East Thomas, AE",2021-04-08,https://www.realpython.com
"Engineer, automotive",N/A,"New Jeffrey, AP",2021-04-08,https://www.realpython.com
"Producer, radio",N/A,"Davidside, AA",2021-04-08,https://www.realpython.com
Dispensing optician,N/A,"Jamesville, AA",2021-04-08,https://www.realpython.com
"Designer, fashion/clothing",N/A,"New Kelly, AP",2021-04-08,https://www.realpython.com
Chartered loss adjuster,N/A,"Lake Antonio, AA",2021-04-08,https://www.realpython.com
"Back-End Web Developer (Python, Django)",N/A,"New Elizabethside, AA",2021-04-08,https://www.realpython.com
Forest/woodland manager,N/A,"Millsbury, AE",2021-04-08,https://www.realpython.com
Clinical cytogeneticist,N/A,"Lloydton, AP",2021-04-08,https://www.realpython.com
Print production planner,N/A,"Port Jeremy, AA",2021-04-08,https://www.realpython.com
Systems developer,N/A,"New Elizabethtown, AA",2021-04-08,https://www.realpython.com
Graphic designer,N/A,"Charlesstad, AE",2021-04-08,https://www.realpython.com
Writer,N/A,"Josephbury, AE",2021-04-08,https://www.realpython.com
Field seismologist,N/A,"Seanfurt, AA",2021-04-08,https://www.realpython.com
Chief Strategy Officer,N/A,"Williambury, AA",2021-04-08,https://www.realpython.com
Air cabin crew,N/A,"South Jorgeside, AP",2021-04-08,https://www.realpython.com
Python Programmer (Entry-Level),N/A,"Robertborough, AP",2021-04-08,https://www.realpython.com
Warden/ranger,N/A,"South Saratown, AP",2021-04-08,https://www.realpython.com
Sports therapist,N/A,"Hullview, AA",2021-04-08,https://www.realpython.com
Arts development officer,N/A,"Philipland, AP",2021-04-08,https://www.realpython.com
Printmaker,N/A,"North Patty, AE",2021-04-08,https://www.realpython.com
Health and safety adviser,N/A,"North Stephen, AE",2021-04-08,https://www.realpython.com
Manufacturing systems engineer,N/A,"Stevensland, AP",2021-04-08,https://www.realpython.com
"Programmer, applications",N/A,"Reyesstad, AE",2021-04-08,https://www.realpython.com
Medical physicist,N/A,"Bellberg, AP",2021-04-08,https://www.realpython.com
Media planner,N/A,"North Johnland, AE",2021-04-08,https://www.realpython.com
Software Developer (Python),N/A,"Martinezburgh, AE",2021-04-08,https://www.realpython.com
"Surveyor, land/geomatics",N/A,"Joshuatown, AE",2021-04-08,https://www.realpython.com
Legal executive,N/A,"West Ericstad, AA",2021-04-08,https://www.realpython.com
"Librarian, academic",N/A,"Tuckertown, AE",2021-04-08,https://www.realpython.com
Barrister,N/A,"Perezton, AE",2021-04-08,https://www.realpython.com
Museum/gallery exhibitions officer,N/A,"Lake Abigail, AE",2021-04-08,https://www.realpython.com
"Radiographer, diagnostic",N/A,"Jacobshire, AP",2021-04-08,https://www.realpython.com
Database administrator,N/A,"Port Susan, AE",2021-04-08,https://www.realpython.com
Furniture designer,N/A,"North Tiffany, AA",2021-04-08,https://www.realpython.com
Ship broker,N/A,"Michelleville, AP",2021-04-08,https://www.realpython.com
