title,location,url
Expand economic access across the globe,,https://stripe.com/in/jobs/search
"Account Executive, New Business, France",N/A,https://stripe.com/jobs/listing/account-executive-new-business-france/7242090
Expand economic access across the globe,,https://stripe.com/es-us/jobs/search
Expand economic access across the globe,,https://stripe.com/jobs/search?skip=200
Expand economic access across the globe,,https://stripe.com/it-hr/jobs/search
"Account Executive, Marketplace",N/A,https://stripe.com/jobs/listing/account-executive-marketplace/7542218
Expand economic access across the globe,,https://stripe.com/jobs/search?skip=400
Expand economic access across the globe,,https://stripe.com/fr-be/jobs/search
Expand economic access across the globe,,https://stripe.com/en-de/jobs/search
Expand economic access across the globe,,https://stripe.com/nz/jobs/search
"Account Executive, Velocity Grower (Japanese-speaking)",N/A,https://stripe.com/jobs/listing/account-executive-velocity-grower-japanese-speaking/7364278
Expand economic access across the globe,,https://stripe.com/en-cz/jobs/search
Expand economic access across the globe,,https://stripe.com/br/jobs/search
Expand economic access across the globe,,https://stripe.com/se/jobs/search
Expand economic access across the globe,,https://stripe.com/jobs/search?skip=900
Expand economic access across the globe,,https://stripe.com/en-it/jobs/search
Administrative Business Partner,N/A,https://stripe.com/jobs/listing/administrative-business-partner/7680368
Expand economic access across the globe,,https://stripe.com/jobs/search
Expand economic access across the globe,,https://stripe.com/de-lu/jobs/search
"Account Executive, SMB - Existing Business",N/A,https://stripe.com/jobs/listing/account-executive-smb-existing-business/7140002
"Account Executive, Platforms (Grower)",N/A,https://stripe.com/jobs/listing/account-executive-platforms-grower/7577015
"Account Executive, Enterprise (Hunter), Japan",N/A,https://stripe.com/jobs/listing/account-executive-enterprise-hunter-japan/7528816
Expand economic access across the globe,,https://stripe.com/fr-ch/jobs/search
Expand economic access across the globe,,https://stripe.com/en-li/jobs/search
"Account Executive, SMB - Existing Business (French-speaking)",N/A,https://stripe.com/jobs/listing/account-executive-smb-existing-business-french-speaking/7555127
Expand economic access across the globe,,https://stripe.com/en-si/jobs/search
Expand economic access across the globe,,https://stripe.com/zh-hk/jobs/search
AV Builds and Operations,N/A,https://stripe.com/jobs/listing/av-builds-and-operations/7555995
Expand economic access across the globe,,https://stripe.com/mx/jobs/search
"Account Executive, Product - BNPLs",N/A,https://stripe.com/jobs/listing/account-executive-product-bnpls/7536063
"Account Executive (Hunter) , UK Enterprise Retail",N/A,https://stripe.com/jobs/listing/account-executive-hunter-uk-enterprise-retail/7451366
AV Builds and Operations,N/A,https://stripe.com/jobs/listing/av-builds-and-operations/7675097
"AI/ML Engineering Manager, Payment Intelligence",N/A,https://stripe.com/jobs/listing/ai-ml-engineering-manager-payment-intelligence/7286376
"Account Executive, Product Sales, Billing",N/A,https://stripe.com/jobs/listing/account-executive-product-sales-billing/7393167
Expand economic access across the globe,,https://stripe.com/en-hk/jobs/search
Expand economic access across the globe,,https://stripe.com/en-se/jobs/search
"Backend Engineer, Billing/Tax",N/A,https://stripe.com/jobs/listing/backend-engineer-billing-tax/7217048
Expand economic access across the globe,,https://stripe.com/en-gi/jobs/search
AEO & GEO Marketing Manager,N/A,https://stripe.com/jobs/listing/aeo-geo-marketing-manager/7453473
"AI Solutions Developer, Finance",Location & Team Structure,https://stripe.com/jobs/listing/ai-solutions-developer-finance/7646513
"Account Executive, Product Sales (Terminal)",N/A,https://stripe.com/jobs/listing/account-executive-product-sales-terminal/7528849
"Account Executive, Enterprise (Sao Paulo, Brazil)",N/A,https://stripe.com/jobs/listing/account-executive-enterprise-sao-paulo-brazil/7108249
"Backend Engineer, Developer Experience & Product Platform",N/A,https://stripe.com/jobs/listing/backend-engineer-developer-experience-product-platform/7292520
Expand economic access across the globe,,https://stripe.com/sv-fi/jobs/search
"Backend / API Engineer, Privacy Products",N/A,https://stripe.com/jobs/listing/backend-api-engineer-privacy-products/7579264
"Account Manager - Scale, Bridge",N/A,https://stripe.com/jobs/listing/account-manager-scale-bridge/7545600
"Android Engineer, Terminal OS Platform",N/A,https://stripe.com/jobs/listing/android-engineer-terminal-os-platform/7557403
Account Executive - Enterprise Germany,N/A,https://stripe.com/jobs/listing/account-executive-enterprise-germany/7539429
Expand economic access across the globe,,https://stripe.com/en-mt/jobs/search
"Account Executive, Enterprise - Billing (Existing Business)",N/A,https://stripe.com/jobs/listing/account-executive-enterprise-billing-existing-business/7490597
"Account Executive, Startup SaaS Platforms - Existing Business",N/A,https://stripe.com/jobs/listing/account-executive-startup-saas-platforms-existing-business/7451383
"Backend Engineer/API, Payments and Risk",N/A,https://stripe.com/jobs/listing/backend-engineer-api-payments-and-risk/6692166
Expand economic access across the globe,,https://stripe.com/en-ch/jobs/search
Expand economic access across the globe,,https://stripe.com/en-cy/jobs/search
Expand economic access across the globe,,https://stripe.com/de/jobs/search
Expand economic access across the globe,,https://stripe.com/en-jp/jobs/search
Expand economic access across the globe,,https://stripe.com/de-be/jobs/search
Expand economic access across the globe,,https://stripe.com/en-lu/jobs/search
"Backend Engineer, Core Technology",N/A,https://stripe.com/jobs/listing/backend-engineer-core-technology/6042172
Expand economic access across the globe,,https://stripe.com/th/jobs/search
"Account Executive, Product Sales, Optimized Checkout",N/A,https://stripe.com/jobs/listing/account-executive-product-sales-optimized-checkout/7455982
Expand economic access across the globe,,https://stripe.com/en-pl/jobs/search
Expand economic access across the globe,,https://stripe.com/jobs/search?tags=Bridge
Expand economic access across the globe,,https://stripe.com/ae/jobs/search
"Backend Engineer, Core Technology",N/A,https://stripe.com/jobs/listing/backend-engineer-core-technology/7182617
APAC Partner Marketing Lead,N/A,https://stripe.com/jobs/listing/apac-partner-marketing-lead/7454473
"Account Executive, Mid-Market - Existing Business",N/A,https://stripe.com/jobs/listing/account-executive-mid-market-existing-business/7483552
APAC Product Lead,N/A,https://stripe.com/jobs/listing/apac-product-lead/7552145
Expand economic access across the globe,,https://stripe.com/pt-pt/jobs/search
"Account Executive, Iberia",N/A,https://stripe.com/jobs/listing/account-executive-iberia/7394627
"Account Executive, Platforms (Grower)",N/A,https://stripe.com/jobs/listing/account-executive-platforms-grower/7446841
"Account Executive, Existing Business, Iberia",N/A,https://stripe.com/jobs/listing/account-executive-existing-business-iberia/7553751
Administrative Coordinator,N/A,https://stripe.com/jobs/listing/administrative-coordinator/7434713
Expand economic access across the globe,,https://stripe.com/en-gr/jobs/search
Expand economic access across the globe,,https://stripe.com/en-es/jobs/search
Expand economic access across the globe,,https://stripe.com/en-pt/jobs/search
Expand economic access across the globe,,https://stripe.com/de-li/jobs/search
"Backend Engineer, Forward Deployed Engineering",N/A,https://stripe.com/jobs/listing/backend-engineer-forward-deployed-engineering/7249744
Expand economic access across the globe,,https://stripe.com/nl-be/jobs/search
"Account Executive, AI Sales",N/A,https://stripe.com/jobs/listing/account-executive-ai-sales/7546284
Expand economic access across the globe,,https://stripe.com/zh-us/jobs/search
Expand economic access across the globe,,https://stripe.com/en-th/jobs/search
"Android Engineer, Terminal",N/A,https://stripe.com/jobs/listing/android-engineer-terminal/7543559
Expand economic access across the globe,,https://stripe.com/fr-lu/jobs/search
"Backend Engineer, Core Technology",N/A,https://stripe.com/jobs/listing/backend-engineer-core-technology/6623777
"Account Executive, Platforms - Strategics",N/A,https://stripe.com/jobs/listing/account-executive-platforms-strategics/7604080
Expand economic access across the globe,,https://stripe.com/au/jobs/search
Expand economic access across the globe,,https://stripe.com/fr/jobs/search
Expand economic access across the globe,,https://stripe.com/es/jobs/search
Expand economic access across the globe,,https://stripe.com/gb/jobs/search
"Account Executive, CEE - Existing Business",N/A,https://stripe.com/jobs/listing/account-executive-cee-existing-business/7429465
Expand economic access across the globe,,https://stripe.com/en-bg/jobs/search
"Backend Engineer, Payments and Risk",N/A,https://stripe.com/jobs/listing/backend-engineer-payments-and-risk/7232592
Expand economic access across the globe,,https://stripe.com/en-sg/jobs/search
"Account Executive, Platforms (Existing Business)",N/A,https://stripe.com/jobs/listing/account-executive-platforms-existing-business/7576967
Expand economic access across the globe,,https://stripe.com/jobs/search?skip=0
"Account Executive, Bridge",N/A,https://stripe.com/jobs/listing/account-executive-bridge/7547809
Expand economic access across the globe,,https://stripe.com/en-lv/jobs/search
Expand economic access across the globe,,https://stripe.com/us/jobs/search
Have a meaningful impact on a global business,N/A,https://stripe.com/jobs/university
Account Executive - Funded Startups - French,N/A,https://stripe.com/jobs/listing/account-executive-funded-startups-french/7686224
"Android Engineer, Terminal Developer Productivity",N/A,https://stripe.com/jobs/listing/android-engineer-terminal-developer-productivity/7550154
Expand economic access across the globe,,https://stripe.com/en-fi/jobs/search
Expand economic access across the globe,,https://stripe.com/en-ee/jobs/search
Expand economic access across the globe,,https://stripe.com/jobs/search?tags=Privy
"Account Executive, Enterprise (Existing Business)",N/A,https://stripe.com/jobs/listing/account-executive-enterprise-existing-business/6755272
Expand economic access across the globe,,https://stripe.com/ie/jobs/search
Expand economic access across the globe,,https://stripe.com/zh-my/jobs/search
Expand economic access across the globe,,https://stripe.com/en-hr/jobs/search
AMER Partner Marketing Lead,N/A,https://stripe.com/jobs/listing/amer-partner-marketing-lead/7605231
"Seeking: impatient, curious optimists",N/A,https://stripe.com/jobs/life-at-stripe
Be well and keep learning,N/A,https://stripe.com/jobs/benefits
Expand economic access across the globe,,https://stripe.com/en-no/jobs/search
Expand economic access across the globe,,https://stripe.com/zh-sg/jobs/search
Expand economic access across the globe,,https://stripe.com/en-fr/jobs/search
Expand economic access across the globe,,https://stripe.com/it/jobs/search
Expand economic access across the globe,,https://stripe.com/jobs/search?skip=300
Expand economic access across the globe,,https://stripe.com/at/jobs/search
Expand economic access across the globe,,https://stripe.com/it-si/jobs/search
Expand economic access across the globe,,https://stripe.com/it-ch/jobs/search
"Account Executive, AI Sales",N/A,https://stripe.com/jobs/listing/account-executive-ai-sales/7532733
Expand economic access across the globe,,https://stripe.com/en-mx/jobs/search
Expand economic access across the globe,,https://stripe.com/en-be/jobs/search
Expand economic access across the globe,,https://stripe.com/en-nl/jobs/search
"Account Executive, Product - BNPLs",N/A,https://stripe.com/jobs/listing/account-executive-product-bnpls/7541092
Expand economic access across the globe,,https://stripe.com/en-dk/jobs/search
"Account Executive, Enterprise - Nordics",N/A,https://stripe.com/jobs/listing/account-executive-enterprise-nordics/7599457
Expand economic access across the globe,,https://stripe.com/de-ch/jobs/search
Accounts Receivable Analyst,N/A,https://stripe.com/jobs/listing/accounts-receivable-analyst/7369428
Expand economic access across the globe,,https://stripe.com/en-sk/jobs/search
"Account Executive, Startup Platforms (Existing Business)",N/A,https://stripe.com/jobs/listing/account-executive-startup-platforms-existing-business/7339700
Expand economic access across the globe,,https://stripe.com/en-hu/jobs/search
Account Executive - SMB Hunter (French - speaking),N/A,https://stripe.com/jobs/listing/account-executive-smb-hunter-french-speaking/7458831
"Account Executive, Product Sales, Billing",N/A,https://stripe.com/jobs/listing/account-executive-product-sales-billing/7393169
Expand economic access across the globe,,https://stripe.com/jp/jobs/search
"Affiliate Services Licensing Specialist, Regulatory Affairs (NORAM)",N/A,https://stripe.com/jobs/listing/affiliate-services-licensing-specialist-regulatory-affairs-noram/7695357
"Account Executive, Product Sales (BaaS)",N/A,https://stripe.com/jobs/listing/account-executive-product-sales-baas/7456716
Expand economic access across the globe,,https://stripe.com/fr-ca/jobs/search
Expand economic access across the globe,,https://stripe.com/en-lt/jobs/search
Expand economic access across the globe,,https://stripe.com/en-ro/jobs/search
Accounts Receivable Manager,N/A,https://stripe.com/jobs/listing/accounts-receivable-manager/7118945
Expand economic access across the globe,,https://stripe.com/en-ca/jobs/search
Expand economic access across the globe,,https://stripe.com/en-my/jobs/search
Expand economic access across the globe,,https://stripe.com/en-br/jobs/search
Expand economic access across the globe,,https://stripe.com/jobs/search?skip=100
"Backend Engineer, Core Tech, Canada",N/A,https://stripe.com/jobs/listing/backend-engineer-core-tech-canada/6567253
"Backend / API Engineer, Payouts",N/A,https://stripe.com/jobs/listing/backend-api-engineer-payouts/7369543
"Account Executive, Enterprise (Hunter)",N/A,https://stripe.com/jobs/listing/account-executive-enterprise-hunter/7458833
Expand economic access across the globe,,https://stripe.com/nl/jobs/search
Expand economic access across the globe,,https://stripe.com/en-at/jobs/search
"Account Executive, Funded Startups",N/A,https://stripe.com/jobs/listing/account-executive-funded-startups/7396862
